{
  "name": "Vehicle A (Table 1, p_bot=3.1kPa)",

  "geometry": {
    "m": 2050.0,
    "L": 10.5,
    "l": 0.7,
    "S": 20.0,
    "W0": 14.0,
    "I_phi": 9.35,
    "H_init": 0.0
  },

  "blower": {
    "p_table": [0.0, 1000.0, 1005.525, 1010.0, 1500.0],
    "Q_table": [7.721, 5.72105, 5.71, 5.70105, 4.721]
  },

  "seal_moment": {
    "phi": [0.0, 0.1, 0.18, 0.19, 0.2, 0.3],
    "M_per_L": [0.0, -50.0, -224.5736, -246.3536, -268.1336, -485.9336]
  },

  "dM_dphidot": -3.0,

  "D_damping": 17836.0
}
