{
  "name": "Vehicle C (Table 1, p_bot=5.3kPa)",

  "geometry": {
    "m": 55350.0,
    "L": 31.5,
    "l": 2.1,
    "S": 180.0,
    "W0": 378.0,
    "I_phi": 2272.0,
    "H_init": 0.0
  },

  "blower": {
    "p_table": [0.0, 1000.0, 1005.525, 1010.0, 1500.0],
    "Q_table": [7.721, 5.72105, 5.71, 5.70105, 4.721]
  },

  "seal_moment": {
    "phi": [0.0, 0.1, 0.18, 0.19, 0.2, 0.3],
    "M_per_L": [0.0, -50.0, -224.5736, -246.3536, -268.1336, -485.9336]
  },

  "seal_damping_curve": {
    "h_gap_table": [0.0, 0.002, 0.006, 0.014, 0.1],
    "dM_dphidot_table": [-50.0, -30.0, -14.0, -5.0, -1.0]
  },

  "cushion_damping_curve": {
    "Sgap_over_S_table": [
      0.0, 0.002, 0.004, 0.006, 0.008, 0.01, 0.012, 0.014, 0.016, 0.02
    ],
    "D_table": [
      120000, 65000, 38000, 26000, 21000, 18500, 17000, 15000, 12000, 8000
    ]
  }
}
